region,region_id,acronym,name,hemisphere,method,n_voxels,ncc,edge_ncc,mi,nmi,rmse,mae
L_IC,4,IC,Inferior colliculus,L,elastix,2561,0.3602680961802745,0.6663339947705195,0.4695380465832786,0.14592207637843807,0.2528216540813446,0.2129439115524292
R_IC,4,IC,Inferior colliculus,R,elastix,2604,0.35130046046213154,0.5761031146160214,0.5785364137685779,0.1701830488488597,0.27515119314193726,0.23666803538799286
L_IP,91,IP,Interposed nucleus,L,elastix,395,0.10245073976712034,0.2468014509640553,0.9121903040869069,0.2875792949884237,0.39477962255477905,0.3638303279876709
R_IP,91,IP,Interposed nucleus,R,elastix,460,0.3194847652913095,0.27846483464683386,1.0034955896235207,0.30505897368679935,0.36098513007164,0.3351404070854187
L_MRN,128,MRN,Midbrain reticular nucleus,L,elastix,2529,0.02239942188042966,0.2918538466955192,0.17107558574483456,0.0572938604477464,0.34280455112457275,0.3237060010433197
R_MRN,128,MRN,Midbrain reticular nucleus,R,elastix,2454,0.14156691665670715,0.25761471290735766,0.20144632558461245,0.06677537278804592,0.32967713475227356,0.3097815215587616
L_LA,131,LA,Lateral amygdalar nucleus,L,elastix,524,-0.27751871168099174,0.40177302019313016,0.45729942754910285,0.16500006118659252,0.29790160059928894,0.27766039967536926
R_LA,131,LA,Lateral amygdalar nucleus,R,elastix,562,-0.4067471293516364,0.1099201019525224,0.5476024121270242,0.1922460827734514,0.38922595977783203,0.36859995126724243
L_PVR,141,PVR,Periventricular region,L,elastix,1750,0.5384830916775751,0.22159303747050643,0.6079350432141413,0.18204555803425787,0.253894567489624,0.2280498594045639
R_PVR,141,PVR,Periventricular region,R,elastix,568,0.29183625623762754,0.30485798493497324,0.6967439168397764,0.22972437103471874,0.3019859194755554,0.279139906167984
L_PVZ,157,PVZ,Periventricular zone,L,elastix,784,0.5972276228175742,0.13893403270705998,0.6722119480588767,0.2294455466805264,0.2299010157585144,0.20832407474517822
R_PVZ,157,PVZ,Periventricular zone,R,elastix,59,0.3708515904885471,0.06359355093433279,1.391430749309609,0.5544183740636579,0.30780354142189026,0.2823070287704468
L_RAmb,165,RAmb,Midbrain raphe nuclei,L,elastix,350,0.3857583152083598,0.3275439484729124,0.892510147587423,0.2837258890169376,0.13014458119869232,0.09800859540700912
L_RN,214,RN,Red nucleus,L,elastix,377,0.2274921819276568,0.567368618539659,0.6099422607652858,0.21230388998997865,0.4054144620895386,0.39407429099082947
R_RN,214,RN,Red nucleus,R,elastix,368,0.18465704413326164,0.44885052463844005,0.7185980743656751,0.24087637123571942,0.3892015814781189,0.37477320432662964
L_RR,246,RR,Midbrain reticular nucleus retrorubral area,L,elastix,68,-0.3196229251308385,-0.09749966376514026,0.8604423775309118,0.37186390510634837,0.1541444957256317,0.1370183825492859
R_RR,246,RR,Midbrain reticular nucleus retrorubral area,R,elastix,61,-0.4908316590828306,0.041461960920406084,0.8089530068877626,0.37400103568014065,0.0887233316898346,0.07111769914627075
L_SAG,271,SAG,Nucleus sagulum,L,elastix,55,0.0019126674441499647,0.06782542898087397,0.8368552860809743,0.3721431161173716,0.1147756427526474,0.10218499600887299
R_SAG,271,SAG,Nucleus sagulum,R,elastix,53,-0.20353600098457672,0.3019842292785869,1.048737638531285,0.443318262348332,0.10742239654064178,0.08056739717721939
L_LSX,275,LSX,Lateral septal complex,L,elastix,2615,-0.4119397142952428,0.36982029219600293,0.3702908610908999,0.12140246497885597,0.21920104324817657,0.199140727519989
R_LSX,275,LSX,Lateral septal complex,R,elastix,1736,-0.35357378712931076,0.4445954612659514,0.2903044592716638,0.10507751357889301,0.26443466544151306,0.2450423389673233
L_sAMY,278,sAMY,Striatum-like amygdalar nuclei,L,elastix,2262,0.20823759334856684,0.2590269203199441,0.37482490235826,0.12301924359141367,0.32765886187553406,0.3071165382862091
R_sAMY,278,sAMY,Striatum-like amygdalar nuclei,R,elastix,2445,0.09833427605363361,0.008238273393135428,0.3200446820989088,0.10644720615678728,0.4245590269565582,0.39803051948547363
L_LZ,290,LZ,Hypothalamic lateral zone,L,elastix,3010,0.5091384032059816,0.2997480505166688,0.6054146002400046,0.1686339676168165,0.19664958119392395,0.1471480131149292
R_LZ,290,LZ,Hypothalamic lateral zone,R,elastix,3016,0.4375457330654873,0.19726290147496206,0.5626396424122381,0.15596207950178476,0.2314404547214508,0.17733412981033325
L_SCm,294,SCm,Superior colliculus motor related,L,elastix,2988,0.22183874057254152,0.6163634356107273,0.3203058838617826,0.09580566900205857,0.14738181233406067,0.12194110453128815
R_SCm,294,SCm,Superior colliculus motor related,R,elastix,2800,-0.10924895318706393,0.5245584801723588,0.2921015712518349,0.0872177229992952,0.1807502806186676,0.1534637063741684
L_BLA,295,BLA,Basolateral amygdalar nucleus,L,elastix,1086,0.011871607764753656,0.3103266057873755,0.2939952492586504,0.10265598242257538,0.3278464376926422,0.31038862466812134
R_BLA,295,BLA,Basolateral amygdalar nucleus,R,elastix,1242,-0.3172947216773342,0.05482049744943901,0.3902239333658995,0.1368834762578271,0.4129079580307007,0.39370426535606384
L_SCs,302,SCs,Superior colliculus sensory related,L,elastix,1211,0.2655253026694246,0.659570715408103,0.5284677449441296,0.1674782842126307,0.15296925604343414,0.1143987849354744
R_SCs,302,SCs,Superior colliculus sensory related,R,elastix,1077,0.21721775603791788,0.34150037736918404,0.5169088587558803,0.16239240248200318,0.20526203513145447,0.15454789996147156
L_MB,313,MB,Midbrain,L,elastix,3825,0.32602918926777297,0.4071103616610818,0.36538235297995614,0.10196105655036233,0.22537773847579956,0.18214747309684753
R_MB,313,MB,Midbrain,R,elastix,3110,0.2460248969531925,0.39037540243618296,0.45014149040700213,0.12358033225101407,0.23835453391075134,0.19301074743270874
L_Isocortex,315,Isocortex,Isocortex,L,elastix,77877,0.4927525227758918,0.7042063421395831,0.25084474054535894,0.06925633419896818,0.23371239006519318,0.19938090443611145
R_Isocortex,315,Isocortex,Isocortex,R,elastix,73878,0.5194607978148534,0.6952531055941605,0.25375641557849593,0.0692831098631279,0.2512052059173584,0.21601925790309906
L_BMA,319,BMA,Basomedial amygdalar nucleus,L,elastix,845,0.16147082601075663,-0.017053300458267487,0.27363022271108645,0.10977369263194349,0.3356594443321228,0.32891613245010376
R_BMA,319,BMA,Basomedial amygdalar nucleus,R,elastix,928,-0.16471019811487736,0.10607409050422423,0.28157182992384017,0.10528917487245185,0.3617033064365387,0.3486632704734802
L_MY,354,MY,Medulla,L,elastix,2544,0.32804174138398295,0.17967624851112005,0.5152364849990789,0.14970601576075482,0.38442060351371765,0.3170924782752991
R_MY,354,MY,Medulla,R,elastix,1617,0.28042126780686333,0.07687819528817226,0.6954544375807925,0.19786845970921302,0.4153822064399719,0.32658126950263977
L_MY-mot,370,MY-mot,Medulla motor related,L,elastix,10237,0.3010265930558015,0.2718677514505445,0.24819071106873986,0.07042796092369001,0.3303242623806,0.30137214064598083
R_MY-mot,370,MY-mot,Medulla motor related,R,elastix,8071,0.21523331083001093,0.07849370970180553,0.21534781495029237,0.059223515851014784,0.31345635652542114,0.268446683883667
L_SNc,374,SNc,Substantia nigra compact part,L,elastix,101,-0.42578921857023955,-0.06683035077972187,1.417792947747738,0.4914097072809581,0.13905616104602814,0.11436925083398819
R_SNc,374,SNc,Substantia nigra compact part,R,elastix,93,-0.6314356580672836,-0.006488840316890381,1.4625549709189285,0.4978145102898628,0.1722324937582016,0.14593559503555298
L_MY-sat,379,MY-sat,Medulla behavioral state related,L,elastix,177,0.2320352592749477,0.34125321504568457,1.5187855381935491,0.4713213767119511,0.21548515558242798,0.1726074069738388
L_SNr,381,SNr,Substantia nigra reticular part,L,elastix,772,-0.01224098013485563,0.6114290865818226,0.858891212229894,0.2580530120841843,0.16983796656131744,0.14198121428489685
R_SNr,381,SNr,Substantia nigra reticular part,R,elastix,781,-0.2713223640644512,0.5222457278935212,0.9223053946347639,0.26976975348647125,0.21296149492263794,0.17483621835708618
L_MY-sen,386,MY-sen,Medulla sensory related,L,elastix,4309,0.2239030143708881,0.2988915561619868,0.4282278552770332,0.12250591787111847,0.44062119722366333,0.39540719985961914
R_MY-sen,386,MY-sen,Medulla sensory related,R,elastix,4188,0.25342296995888525,0.0023197311439842614,0.3770116685235908,0.10627873374243992,0.42340368032455444,0.3741131126880646
L_MEZ,467,MEZ,Hypothalamic medial zone,L,elastix,2471,-0.0754419608704788,0.44388843507187586,0.29456274628428303,0.09737299163426637,0.28089889883995056,0.26021748781204224
R_MEZ,467,MEZ,Hypothalamic medial zone,R,elastix,1208,-0.3478716328245956,0.41671354809010125,0.692045011112388,0.22129348921118516,0.3214401304721832,0.3020113706588745
L_STR,477,STR,Striatum,L,elastix,1959,-0.04147489723265656,0.15732137315628608,0.6040927335661294,0.17343483276842814,0.30424243211746216,0.26504549384117126
R_STR,477,STR,Striatum,R,elastix,1366,-0.2907430529722777,0.1675808656924385,0.691832149133734,0.20274283819560296,0.3350551724433899,0.29827606678009033
L_STRd,485,STRd,Striatum dorsal region,L,elastix,16008,0.12288775937717322,0.23753657621799593,0.1520675709434472,0.04272033173916196,0.22307667136192322,0.1801774948835373
R_STRd,485,STRd,Striatum dorsal region,R,elastix,16222,0.009757133766373787,0.2571955487314901,0.1185073207672523,0.03295773393373576,0.2455645650625229,0.20213378965854645
L_STRv,493,STRv,Striatum ventral region,L,elastix,5191,0.2400128597059838,0.21618979844723366,0.29903626395645266,0.08752078417168518,0.41839399933815,0.3772212266921997
R_STRv,493,STRv,Striatum ventral region,R,elastix,5206,0.15102686951166278,0.17930319370194056,0.3268046296134014,0.09569668780201943,0.409125953912735,0.3688102960586548
L_CB,512,CB,Cerebellum,L,elastix,407,0.37081977479191824,0.09784954318916306,1.6698054106527236,0.45333272604383856,0.3237397372722626,0.25580984354019165
R_CB,512,CB,Cerebellum,R,elastix,412,0.2185792698895848,-0.03295742229923402,1.6265078372620576,0.44058282017025485,0.3362712562084198,0.2665836811065674
L_TH,549,TH,Thalamus,L,elastix,544,-0.7512985885312101,0.4580126894864776,1.453983001076725,0.3998397238600528,0.35596418380737305,0.30563169717788696
R_TH,549,TH,Thalamus,R,elastix,448,-0.6770138009208276,0.2784848129299868,1.4161394356778048,0.3946646193125197,0.3855668604373932,0.3262542188167572
L_NB,580,NB,Nucleus of the brachium of the inferior colliculus,L,elastix,52,0.1908909510725737,0.19014002542968936,1.3625632017697407,0.5270581914882441,0.16927197575569153,0.15047606825828552
L_CLA,583,CLA,Claustrum,L,elastix,354,-0.42444051801589133,0.34633644452048007,0.443861771921403,0.17866797465450984,0.2823372781276703,0.2701181173324585
R_CLA,583,CLA,Claustrum,R,elastix,357,0.5273716927047254,0.34018422504906193,0.47798915061923397,0.18722657027875694,0.3088299036026001,0.30316421389579773
L_CUN,616,CUN,Cuneiform nucleus,L,elastix,281,-0.280577362840505,0.3559725038575679,0.6660196650245773,0.2466215177720305,0.21043752133846283,0.18338696658611298
R_CUN,616,CUN,Cuneiform nucleus,R,elastix,281,-0.3914941780348613,0.3711399256128183,0.7551835456880611,0.27169892055629125,0.18822406232357025,0.15637269616127014
L_OLF,698,OLF,Olfactory areas,L,elastix,28826,0.2514702886836734,0.2563361916066811,0.17221526598696504,0.04971525926170155,0.3465009033679962,0.29732340574264526
R_OLF,698,OLF,Olfactory areas,R,elastix,26817,0.22587337705640223,0.30488768090681695,0.1511842213334884,0.045385205814458554,0.3738836646080017,0.33097267150878906
L_CTXsp,703,CTXsp,Cortical subplate,L,elastix,228,-0.48557978959167714,0.16217769000369878,0.790853026727079,0.2962557209225777,0.24505887925624847,0.22289340198040009
R_CTXsp,703,CTXsp,Cortical subplate,R,elastix,228,-0.2953914065669636,0.01427616369254513,0.8971018763607931,0.3198360516227772,0.3200901448726654,0.29678982496261597
L_VTA,749,VTA,Ventral tegmental area,L,elastix,204,0.03231797050349517,-0.0292085093085338,0.8063663112108926,0.2865020489353243,0.1445157527923584,0.1132984384894371
R_VTA,749,VTA,Ventral tegmental area,R,elastix,213,0.23978597614605046,0.052836031677667976,0.9715801427544107,0.32573346209786774,0.116923026740551,0.09051451832056046
L_P,771,P,Pons,L,elastix,2113,0.5958407412039094,0.16086197681490627,0.7297724667004697,0.20589835307659696,0.3104974925518036,0.2547927796840668
R_P,771,P,Pons,R,elastix,1449,0.5323804125241687,0.0009514950020619162,0.8400537404100763,0.23920207400952948,0.29789015650749207,0.2322591096162796
L_PA,780,PA,Posterior amygdalar nucleus,L,elastix,535,0.5398300571689814,-0.0020137914239279353,0.48798191358102894,0.18272069910923236,0.29076477885246277,0.28400537371635437
R_PA,780,PA,Posterior amygdalar nucleus,R,elastix,562,0.20857439193086588,0.43836013086141234,0.5448294487955001,0.18779686856663932,0.28122398257255554,0.2653249502182007
L_PAG,795,PAG,Periaqueductal gray,L,elastix,2692,0.35233098709116395,0.14721063077884586,0.42489075077600225,0.129141199776287,0.1261615753173828,0.09172981232404709
R_PAG,795,PAG,Periaqueductal gray,R,elastix,1721,-0.03468959287880002,0.15252816558593646,0.36685305131115803,0.11599393709590206,0.16503362357616425,0.13107918202877045
L_PAL,803,PAL,Pallidum,L,elastix,659,0.0019587784697859233,0.008400410402040773,0.7838038477982248,0.23431955881126218,0.19043858349323273,0.1529863029718399
R_PAL,803,PAL,Pallidum,R,elastix,650,-0.20881677266417928,0.03620259435594867,0.7152490988852315,0.21867606932514894,0.20795978605747223,0.16683505475521088
L_PALc,809,PALc,Pallidum caudal region,L,elastix,778,-0.10551358537558388,0.46784674142463506,0.39977514595345864,0.1459139983151773,0.2716999053955078,0.25603988766670227
R_PALc,809,PALc,Pallidum caudal region,R,elastix,797,-0.20859327368887698,0.41358416922671054,0.3063167691926092,0.11441584370045252,0.3127330243587494,0.2960006296634674
L_PALd,818,PALd,Pallidum dorsal region,L,elastix,1158,0.37762250367755934,-0.02150330100881377,0.5365135861531403,0.1647986813986368,0.14954273402690887,0.12622588872909546
R_PALd,818,PALd,Pallidum dorsal region,R,elastix,1189,0.2744887516206072,0.0506138151119853,0.5792580639877605,0.1728315249110493,0.16285507380962372,0.13581998646259308
L_PALm,826,PALm,Pallidum medial region,L,elastix,1412,-0.09503353881258612,0.2616657803664742,0.5307337887219428,0.15953151595192552,0.2285173237323761,0.18514515459537506
R_PALm,826,PALm,Pallidum medial region,R,elastix,387,-0.2435168332887125,0.14455108411778014,0.5009963451000956,0.18058895252793267,0.1618557870388031,0.1276005357503891
L_PALv,835,PALv,Pallidum ventral region,L,elastix,1970,-0.10864230159431579,0.02627812974890951,0.2895214763567515,0.09213249352797051,0.2569205164909363,0.2193893939256668
R_PALv,835,PALv,Pallidum ventral region,R,elastix,2031,0.09490750026435675,0.06761652726415332,0.310598849859066,0.1007798043970181,0.2583214044570923,0.22522863745689392
L_DN,846,DN,Dentate nucleus,L,elastix,150,0.19811870819982144,0.5080757794504236,1.2324567676831262,0.41975194835781054,0.29475879669189453,0.2660693824291229
R_DN,846,DN,Dentate nucleus,R,elastix,168,0.009646073129581642,0.33659272624221054,0.9049735624909352,0.35231607871720794,0.3430101275444031,0.317138135433197
L_DORpm,856,DORpm,Thalamus polymodal association cortex related,L,elastix,7760,-0.08814413428954432,0.39966418270825094,0.2858045563375684,0.07883625260396732,0.23431332409381866,0.19676601886749268
R_DORpm,856,DORpm,Thalamus polymodal association cortex related,R,elastix,5808,-0.16314820124517257,0.34103287592300935,0.2988370227278927,0.08230559170231042,0.236739382147789,0.19568376243114471
L_DORsm,864,DORsm,Thalamus sensory-motor cortex related,L,elastix,3594,-0.010233542255708246,0.31071651077037743,0.26139706773897164,0.07556719755318908,0.2778109908103943,0.22513610124588013
R_DORsm,864,DORsm,Thalamus sensory-motor cortex related,R,elastix,3455,-0.036395877390409996,0.3042606113156555,0.2748399030930011,0.07927459040071715,0.3052791953086853,0.25281357765197754
L_LING,912,LING,Lingula (I),L,elastix,87,0.3114023169896987,0.5734938706049563,1.6957911422350462,0.5626185096260985,0.2674415409564972,0.23604774475097656
L_CENT,920,CENT,Central lobule,L,elastix,2335,0.08090425404351091,0.20237863036219653,0.32918291876362865,0.09819288737212185,0.21011048555374146,0.174435555934906
R_CENT,920,CENT,Central lobule,R,elastix,1865,-0.018616360983455045,0.23459676657780348,0.392368438165101,0.12067136000385964,0.28508028388023376,0.2443155199289322
L_CUL,928,CUL,Culmen,L,elastix,3732,0.13669420524618958,0.2955773120723722,0.31035393821216095,0.09321416656670321,0.23952025175094604,0.20255541801452637
R_CUL,928,CUL,Culmen,R,elastix,3458,0.13810831664158732,0.13405070850156595,0.3640942469671622,0.10575119036601478,0.3674151599407196,0.30979108810424805
L_DEC,936,DEC,Declive (VI),L,elastix,1926,0.05165259363038,0.39589466733567374,0.5280647989719839,0.1527172685538758,0.2292085587978363,0.18944507837295532
R_DEC,936,DEC,Declive (VI),R,elastix,1699,0.18765889433787597,0.14017605888182838,0.6749635394037433,0.19764891519306305,0.43607720732688904,0.3630015552043915
L_EP,942,EP,Endopiriform nucleus,L,elastix,1728,-0.09341800383522467,0.2672426894751777,0.20889220632833097,0.08095607370870715,0.2526700496673584,0.24063928425312042
R_EP,942,EP,Endopiriform nucleus,R,elastix,1833,0.22057762099061762,0.1876154533161469,0.2772298140202709,0.10744160905900962,0.3101915717124939,0.30183789134025574
L_FOTU,944,FOTU,Folium-tuber vermis (VII),L,elastix,614,-0.1768137180599667,0.4501472401373327,0.8844199271007371,0.26583071573298545,0.23689444363117218,0.19092416763305664
R_FOTU,944,FOTU,Folium-tuber vermis (VII),R,elastix,531,0.07397466399121139,0.14386092051064234,1.1706645906360413,0.33931546773363974,0.45711836218833923,0.38455766439437866
L_PYR,951,PYR,Pyramus (VIII),L,elastix,745,-0.3359467324997057,0.380888621164674,0.68462801153407,0.22574616460097224,0.28941765427589417,0.2540603578090668
R_PYR,951,PYR,Pyramus (VIII),R,elastix,611,-0.1387767020365355,0.20063135553601333,1.0100352209494026,0.3096599746168115,0.4314894676208496,0.3646456003189087
L_UVU,957,UVU,Uvula (IX),L,elastix,1352,-0.1312412883444353,0.281942977348983,0.6423898998523727,0.18842589546759056,0.26260778307914734,0.22141414880752563
R_UVU,957,UVU,Uvula (IX),R,elastix,1031,-0.4433892029713994,0.13339776556408134,0.9495303353872266,0.2641003969974006,0.36522406339645386,0.30711495876312256
L_NOD,968,NOD,Nodulus (X),L,elastix,913,0.22270224494032612,0.35948740242215205,0.6067533305392889,0.18602426782661136,0.32974773645401,0.29947713017463684
R_NOD,968,NOD,Nodulus (X),R,elastix,669,-0.20139856179997925,0.29333800728263304,0.7739871435076157,0.23902843421444883,0.3897329866886139,0.35085800290107727
L_P-mot,987,P-mot,Pons motor related,L,elastix,2966,0.2140005542771875,0.29122806684470115,0.37396760932683504,0.1076982714587523,0.27303263545036316,0.2376144528388977
R_P-mot,987,P-mot,Pons motor related,R,elastix,2148,0.22136351371048787,-0.06980572832506822,0.516284149099133,0.14791908692167433,0.2743004858493805,0.24052511155605316
L_FN,989,FN,Fastigial nucleus,L,elastix,242,0.5974706294733924,0.045271939943899234,1.168839638479648,0.37397228050722275,0.447974294424057,0.438524454832077
R_FN,989,FN,Fastigial nucleus,R,elastix,261,0.03464685667432952,-0.06437606127213866,1.3239178887069007,0.40293416228377,0.33659109473228455,0.3085208237171173
L_SIM,1007,SIM,Simple lobule,L,elastix,2936,0.23880878312950007,0.1807522798676984,0.37452287365306947,0.10829345040888996,0.19740824401378632,0.16666510701179504
R_SIM,1007,SIM,Simple lobule,R,elastix,3251,0.16076126838981614,0.06687145895848379,0.4204101998101165,0.11788854264274913,0.24732588231563568,0.20697808265686035
L_AN,1017,AN,Ansiform lobule,L,elastix,5273,0.27723895998770487,0.3281862748545256,0.33499088628761575,0.09509193289514316,0.19917601346969604,0.16532616317272186
R_AN,1017,AN,Ansiform lobule,R,elastix,6244,-0.044566787519230246,0.32550810159373583,0.2872104493805393,0.07755463741807667,0.30045050382614136,0.22866834700107574
L_PRM,1025,PRM,Paramedian lobule,L,elastix,2268,0.44276768205882955,0.2997365682561752,0.5793650358236659,0.1647998179274365,0.18293723464012146,0.155060812830925
R_PRM,1025,PRM,Paramedian lobule,R,elastix,2698,0.0949278615351824,0.2858541006298671,0.5405032970827023,0.14882121262085019,0.25177860260009766,0.20356416702270508
L_COPY,1033,COPY,Copula pyramidis,L,elastix,1193,0.3279911294343947,0.21428168412785503,0.6950477347792647,0.2077498588226443,0.20759081840515137,0.17769651114940643
R_COPY,1033,COPY,Copula pyramidis,R,elastix,1373,0.10542710093832794,0.09994845562375246,0.7187213348719772,0.20487862073291313,0.26244425773620605,0.22054390609264374
L_PFL,1041,PFL,Paraflocculus,L,elastix,2905,0.6142108534193277,0.16060477220870467,0.6164860081962653,0.18011173679290804,0.215436190366745,0.1805342435836792
R_PFL,1041,PFL,Paraflocculus,R,elastix,3170,0.660553181116156,0.17447296055201036,0.6791454437542919,0.1903662577380893,0.17502513527870178,0.1356423944234848
L_FL,1049,FL,Flocculus,L,elastix,668,0.5756833931001405,0.08430505821212284,1.2222059378526273,0.3359116869406632,0.16425734758377075,0.12411051243543625
R_FL,1049,FL,Flocculus,R,elastix,709,0.698663825558512,0.2237974883806281,1.369880551777237,0.36717910444987817,0.2041584849357605,0.15804366767406464
L_PPN,1052,PPN,Pedunculopontine nucleus,L,elastix,424,-0.30110051219233774,0.25188094312782794,0.6146671334256734,0.21561049970751853,0.3097129166126251,0.28637027740478516
R_PPN,1052,PPN,Pedunculopontine nucleus,R,elastix,427,-0.2535069745974198,0.08359917321882611,0.5847398491896852,0.1995633503395404,0.2876634895801544,0.25696247816085815
L_HPF,1089,HPF,Hippocampal formation,L,elastix,25823,0.4172651252940635,0.3563602844628158,0.23338112650615492,0.0645042104768894,0.2327510565519333,0.20145508646965027
R_HPF,1089,HPF,Hippocampal formation,R,elastix,25589,0.44926079276433956,0.3213575434667725,0.27316739865528994,0.07463006447191575,0.2544539272785187,0.22341282665729523
L_HY,1097,HY,Hypothalamus,L,elastix,1837,0.14225274678704186,0.31428228327072655,0.4644585014454423,0.14184334134024645,0.2658034861087799,0.23791414499282837
R_HY,1097,HY,Hypothalamus,R,elastix,1250,-0.0319756046063244,0.2985547319182039,0.5934595842053159,0.17939998364222906,0.2997792363166809,0.2643246054649353
L_PRT,1100,PRT,Pretectal region,L,elastix,1089,-0.07519857664196304,0.5723576496153387,0.5952803355810429,0.17837246234274756,0.25882938504219055,0.21497146785259247
R_PRT,1100,PRT,Pretectal region,R,elastix,1024,-0.16489822731460943,0.5220706915750798,0.576814549858973,0.17633582736062015,0.3095552623271942,0.26192060112953186
L_P-sat,1117,P-sat,Pons behavioral state related,L,elastix,1919,0.16953157779480962,0.18281920881383618,0.3269490319995526,0.10359229327109751,0.23069846630096436,0.19878508150577545
R_P-sat,1117,P-sat,Pons behavioral state related,R,elastix,1309,0.2818772986248965,-0.018305953521006946,0.5273486980376063,0.16141003528123937,0.2222236692905426,0.18407219648361206
L_P-sen,1132,P-sen,Pons sensory related,L,elastix,1874,0.28360432597272717,0.052575197153313956,0.623175207440401,0.17046267230686538,0.3422965407371521,0.28881511092185974
R_P-sen,1132,P-sen,Pons sensory related,R,elastix,1899,0.2855370873955049,0.014084886954462505,0.6015184337477818,0.16527243523600751,0.34801048040390015,0.2979043424129486
L_ME,10671,ME,Median eminence,L,elastix,75,-0.11443930950011948,0.006783163410555914,0.4099910747932948,0.22954902152490245,0.14656975865364075,0.13865099847316742
L_IC,4,IC,Inferior colliculus,L,ants,2178,0.2186244944544386,0.6612011902341953,0.5461389755023472,0.1710611309396272,0.27115193009376526,0.23039932548999786
R_IC,4,IC,Inferior colliculus,R,ants,2391,0.22636105680837296,0.5302550526581681,0.6488711451797717,0.19135562120525135,0.28718921542167664,0.24738551676273346
L_IP,91,IP,Interposed nucleus,L,ants,454,-0.08641999656449567,-0.02343804318705436,1.0546050465382388,0.3081858007941719,0.3280582129955292,0.28359168767929077
R_IP,91,IP,Interposed nucleus,R,ants,554,0.04697099486447186,0.09037495007584265,0.933403014325635,0.27295975217965707,0.3195255994796753,0.2721555829048157
L_MRN,128,MRN,Midbrain reticular nucleus,L,ants,3365,0.055816503297028176,0.20071868052730163,0.15394301513983108,0.05125749183133399,0.33925125002861023,0.3187635540962219
R_MRN,128,MRN,Midbrain reticular nucleus,R,ants,3174,0.13906799907452982,0.1617152085705033,0.1732471151534088,0.05692382283314556,0.328482061624527,0.3058004677295685
L_LA,131,LA,Lateral amygdalar nucleus,L,ants,500,0.06567434216783365,0.26112960982762373,0.45483455582534627,0.16238810156568026,0.2760557234287262,0.2574530839920044
R_LA,131,LA,Lateral amygdalar nucleus,R,ants,505,-0.10260377385775743,0.06463805412797208,0.4961877646541171,0.17559506438966,0.3491765856742859,0.3319559097290039
L_PVR,141,PVR,Periventricular region,L,ants,1778,0.5586231753502926,0.29799014796286516,0.6029149076299778,0.18127773950555773,0.22279377281665802,0.19495442509651184
R_PVR,141,PVR,Periventricular region,R,ants,665,0.30292571794849793,0.3628185501749652,0.7024085911442144,0.2266244568563843,0.28298768401145935,0.2557087540626526
L_PVZ,157,PVZ,Periventricular zone,L,ants,1280,0.5181833432051461,0.27944377909823154,0.4279889612533102,0.1499037037266666,0.19140301644802094,0.1694406419992447
R_PVZ,157,PVZ,Periventricular zone,R,ants,160,0.6211606928872377,0.7837126165546272,1.2578564996347685,0.46036468489414223,0.2660437226295471,0.24606290459632874
L_RAmb,165,RAmb,Midbrain raphe nuclei,L,ants,437,0.45247349241561996,0.27216699110522047,0.9328374613072583,0.2928552016006268,0.13763488829135895,0.10740020871162415
L_RN,214,RN,Red nucleus,L,ants,478,-0.04427530832958816,0.16741177263407747,0.6534994926066513,0.21556239398881133,0.3612862229347229,0.33221128582954407
R_RN,214,RN,Red nucleus,R,ants,478,-0.06401506435266374,0.09326355011478828,0.7511721334871273,0.23828445833983905,0.3266778588294983,0.28799885511398315
L_RR,246,RR,Midbrain reticular nucleus retrorubral area,L,ants,88,-0.23857845405156852,-0.03270703134106519,0.7316089012317374,0.30951012298341807,0.14256609976291656,0.12572738528251648
R_RR,246,RR,Midbrain reticular nucleus retrorubral area,R,ants,87,-0.056085101293633186,-0.04925806486183683,0.6022428882055564,0.2663516615637854,0.091035857796669,0.0764082744717598
L_LSX,275,LSX,Lateral septal complex,L,ants,2463,-0.4574869354798875,0.5206767019030802,0.41179742335058406,0.13565072464092465,0.2057780921459198,0.18824069201946259
R_LSX,275,LSX,Lateral septal complex,R,ants,1704,-0.3220715332510864,0.4600792978160645,0.40647254323359305,0.14370629546213035,0.2490396350622177,0.2320067584514618
L_sAMY,278,sAMY,Striatum-like amygdalar nuclei,L,ants,2283,0.2936924909047653,0.16647405714615754,0.37354343155718045,0.12203971059184636,0.29337960481643677,0.2732924818992615
R_sAMY,278,sAMY,Striatum-like amygdalar nuclei,R,ants,2393,-0.02830149833868299,0.057829527616135655,0.3678421398765682,0.11724720157022248,0.36028122901916504,0.33173829317092896
L_LZ,290,LZ,Hypothalamic lateral zone,L,ants,3310,0.46423847285912234,0.2028015151259454,0.5875958077374879,0.16407882217133396,0.1899525374174118,0.14427392184734344
R_LZ,290,LZ,Hypothalamic lateral zone,R,ants,3171,0.38964464047335207,0.22047549315157466,0.546256080567319,0.15178424205372484,0.21313418447971344,0.16421525180339813
L_SCm,294,SCm,Superior colliculus motor related,L,ants,3618,0.04049725336872178,0.5974035540279995,0.33097582641419465,0.09829698083487698,0.1667822301387787,0.13890667259693146
R_SCm,294,SCm,Superior colliculus motor related,R,ants,3061,-0.1543491566367888,0.5264992729331041,0.3468229281554653,0.10349431900044226,0.1869669258594513,0.15876275300979614
L_BLA,295,BLA,Basolateral amygdalar nucleus,L,ants,912,0.10599297479911739,0.3553333260132085,0.3002198869996503,0.1062085984726282,0.3077065646648407,0.29191914200782776
R_BLA,295,BLA,Basolateral amygdalar nucleus,R,ants,965,-0.18732413542914803,0.027693230523961044,0.35408388408610914,0.12668758038684347,0.37412992119789124,0.3575361371040344
L_SCs,302,SCs,Superior colliculus sensory related,L,ants,1061,0.19949490203044468,0.42774579970819926,0.704973438822099,0.2095312934721989,0.21549572050571442,0.15952394902706146
R_SCs,302,SCs,Superior colliculus sensory related,R,ants,945,0.2456324592764033,0.41583334038620823,0.5725997490324517,0.1783229915170101,0.19082655012607574,0.14755651354789734
L_MB,313,MB,Midbrain,L,ants,4179,0.3879267951890629,0.415588444686325,0.4104298103053041,0.11251142182228267,0.2405139058828354,0.19194822013378143
R_MB,313,MB,Midbrain,R,ants,3500,0.2437442926252506,0.4061047244896467,0.43675740540562635,0.11855595097721645,0.26565101742744446,0.21024280786514282
L_Isocortex,315,Isocortex,Isocortex,L,ants,76319,0.6004749933669618,0.7472941440222738,0.4222660985880179,0.11723727078211518,0.21090558171272278,0.18499475717544556
R_Isocortex,315,Isocortex,Isocortex,R,ants,71764,0.6270169817753325,0.7517366755354707,0.4132630870362999,0.11358575187247724,0.2211020290851593,0.19415773451328278
L_BMA,319,BMA,Basomedial amygdalar nucleus,L,ants,744,0.1078570813169661,0.0882580080416703,0.3181769641417789,0.1269823808892502,0.3174779415130615,0.30961087346076965
R_BMA,319,BMA,Basomedial amygdalar nucleus,R,ants,773,-0.1621821657570697,-0.027240667143413926,0.2587848847571007,0.10026343209747667,0.3518413007259369,0.34070661664009094
L_MY,354,MY,Medulla,L,ants,1973,0.4936117636167628,0.2573176327235616,0.8470409289560069,0.23771030953604572,0.3555924892425537,0.2799410820007324
R_MY,354,MY,Medulla,R,ants,1219,0.4016372353942975,0.3699427337089906,1.0861709838630766,0.3092556834516242,0.4102770686149597,0.3048631250858307
L_MY-mot,370,MY-mot,Medulla motor related,L,ants,11081,0.21532593207173917,0.11456914305867114,0.20114953617426706,0.05693050052646915,0.309339702129364,0.2748086154460907
R_MY-mot,370,MY-mot,Medulla motor related,R,ants,8613,0.1119578854300533,0.005048412105560872,0.17535824029512193,0.048633666474853315,0.30677804350852966,0.26128798723220825
L_SNc,374,SNc,Substantia nigra compact part,L,ants,110,-0.0440240293767785,-0.028189774678512476,1.2596036447475891,0.44282050180730276,0.11032169312238693,0.08971124142408371
R_SNc,374,SNc,Substantia nigra compact part,R,ants,120,-0.31276745839616527,0.011113768648552267,1.5926697848315832,0.5187518554888687,0.18541133403778076,0.14741095900535583
L_MY-sat,379,MY-sat,Medulla behavioral state related,L,ants,165,0.06734904152898519,0.20283739540991805,1.4992992968679062,0.47402960621305734,0.18018518388271332,0.14238736033439636
L_SNr,381,SNr,Substantia nigra reticular part,L,ants,857,0.3782155410882048,0.171171034740378,0.929963785874218,0.26426731102996504,0.18422161042690277,0.1542067974805832
R_SNr,381,SNr,Substantia nigra reticular part,R,ants,1016,0.15118979930115992,0.08421482313828797,0.8328020215641848,0.2323846481353075,0.23382973670959473,0.19135256111621857
L_MY-sen,386,MY-sen,Medulla sensory related,L,ants,4757,0.3599399055250882,0.3994990145389642,0.4461796720453148,0.12764594936779416,0.4132424592971802,0.3692847788333893
R_MY-sen,386,MY-sen,Medulla sensory related,R,ants,4695,0.2745193891515606,0.13298495086594064,0.3848886907245207,0.1066724521056338,0.38462427258491516,0.3308712840080261
L_MEZ,467,MEZ,Hypothalamic medial zone,L,ants,2591,-0.0021739368938718216,0.4271398722638919,0.32316133659290636,0.10651245332703387,0.2539012134075165,0.234513059258461
R_MEZ,467,MEZ,Hypothalamic medial zone,R,ants,1540,-0.283748866147135,0.3918667804239495,0.5790297161490014,0.1861127141954355,0.2976738512516022,0.27863234281539917
L_STR,477,STR,Striatum,L,ants,1744,0.02261854966440382,0.3403407614039795,0.577899649816543,0.1686178168713086,0.25681084394454956,0.22015033662319183
R_STR,477,STR,Striatum,R,ants,1297,-0.192190264621107,0.16164052520577707,0.5679015312900351,0.17011386384891744,0.2957213521003723,0.25967440009117126
L_STRd,485,STRd,Striatum dorsal region,L,ants,14429,0.2648882332486125,0.23399942360930331,0.221158024238791,0.06266216238720634,0.19439521431922913,0.16039802134037018
R_STRd,485,STRd,Striatum dorsal region,R,ants,14088,0.17257587178068398,0.23726739522351936,0.1649155298347096,0.04634325276385371,0.20609045028686523,0.17071741819381714
L_STRv,493,STRv,Striatum ventral region,L,ants,4660,0.2241367960176366,0.45884009861436376,0.2784780668122653,0.08199755164668683,0.3188360333442688,0.28347155451774597
R_STRv,493,STRv,Striatum ventral region,R,ants,4795,0.07452843870707641,0.43981799640799374,0.328050792987742,0.09596160931567001,0.3461344242095947,0.302556574344635
L_CB,512,CB,Cerebellum,L,ants,383,0.24717014349264824,0.2604861597263143,1.8074252207723984,0.48683785304370303,0.33863353729248047,0.25662869215011597
R_CB,512,CB,Cerebellum,R,ants,447,0.2461773158021365,0.278852649829621,1.786542018423939,0.4748386405924288,0.3383951187133789,0.26359617710113525
L_TH,549,TH,Thalamus,L,ants,599,-0.7296302033115845,0.3445579648059162,1.3213248595574578,0.36218538906055997,0.3605012595653534,0.3087829053401947
R_TH,549,TH,Thalamus,R,ants,471,-0.6454997796627666,0.20790327896643146,1.3952047840053858,0.3853293212770414,0.3969351053237915,0.3360272943973541
L_CLA,583,CLA,Claustrum,L,ants,372,-0.4249479073453995,0.1762017472254458,0.4217828554941633,0.17560444351970433,0.26825693249702454,0.25736790895462036
R_CLA,583,CLA,Claustrum,R,ants,348,0.3816691882173772,0.18187953949388597,0.49246513608615644,0.19943937474818985,0.2827996015548706,0.27726849913597107
L_CUN,616,CUN,Cuneiform nucleus,L,ants,321,-0.44757462743150705,0.2972778829546643,0.6938337543743316,0.24712711582591235,0.2329658567905426,0.1958339512348175
R_CUN,616,CUN,Cuneiform nucleus,R,ants,298,-0.5106137344457269,0.21397718555179257,0.7773791442981097,0.2724101655362198,0.1915450394153595,0.15773004293441772
L_OLF,698,OLF,Olfactory areas,L,ants,28602,0.1928573991839997,0.2845692337221329,0.14218138480910306,0.04033885716461663,0.30023276805877686,0.2550295293331146
R_OLF,698,OLF,Olfactory areas,R,ants,26254,0.30285991720089034,0.42645139831748446,0.20007112694985155,0.05785572303903883,0.30351516604423523,0.2664295434951782
L_CTXsp,703,CTXsp,Cortical subplate,L,ants,204,-0.30011515740361583,0.16598968561765404,0.7506373191492165,0.28261864250003554,0.2413424551486969,0.22332808375358582
R_CTXsp,703,CTXsp,Cortical subplate,R,ants,252,-0.10945728358637392,-0.12152295373697086,0.8145582170689774,0.2870178711437747,0.30373919010162354,0.27989038825035095
L_VTA,749,VTA,Ventral tegmental area,L,ants,229,0.1391325578798684,0.27726164342828363,0.8438596602250952,0.2891948459655042,0.14216268062591553,0.10999011248350143
R_VTA,749,VTA,Ventral tegmental area,R,ants,234,0.157688884149312,0.16449569975171252,0.9503359452025845,0.31761877712397585,0.11547119170427322,0.09134545177221298
L_P,771,P,Pons,L,ants,2313,0.6878158581021567,0.3786187493008833,0.8149545834184468,0.233392676065768,0.30135083198547363,0.24022017419338226
R_P,771,P,Pons,R,ants,1632,0.6264580127162613,0.21135978536311423,0.8430242441260567,0.24594979719645288,0.31771111488342285,0.24848923087120056
L_PA,780,PA,Posterior amygdalar nucleus,L,ants,663,0.3771540341326708,0.2962348007586034,0.43286174237058894,0.16150853795943276,0.28794750571250916,0.2790481746196747
R_PA,780,PA,Posterior amygdalar nucleus,R,ants,500,0.11239237827372914,0.506273140376897,0.5049491260420153,0.18368727961244835,0.2603996992111206,0.2475643903017044
L_PAG,795,PAG,Periaqueductal gray,L,ants,3097,0.318173637104437,0.378433578047734,0.3917415678809888,0.1172356534695291,0.13532675802707672,0.10012020170688629
R_PAG,795,PAG,Periaqueductal gray,R,ants,1851,-0.15609915134876365,0.36505102497522574,0.3524132604426592,0.11133689341745141,0.16606783866882324,0.1324312835931778
L_PAL,803,PAL,Pallidum,L,ants,600,0.061192600357801386,0.2514222449476273,0.8038331155681837,0.24263378789644133,0.16410969197750092,0.12727800011634827
R_PAL,803,PAL,Pallidum,R,ants,563,-0.09919046092741979,0.11826293194204524,0.8362758694243158,0.2549714611887242,0.1798415631055832,0.14372079074382782
L_PALc,809,PALc,Pallidum caudal region,L,ants,718,-0.06005272900033269,0.4544304122597755,0.37208723072086464,0.13605753644523053,0.25760120153427124,0.24048548936843872
R_PALc,809,PALc,Pallidum caudal region,R,ants,702,-0.13802727586426447,0.5800735126121797,0.3619682989787097,0.1352562439410262,0.2881302535533905,0.26988160610198975
L_PALd,818,PALd,Pallidum dorsal region,L,ants,1042,0.4115409792245755,-0.01792475498586004,0.6142569742517299,0.18834731729957685,0.15000776946544647,0.12543542683124542
R_PALd,818,PALd,Pallidum dorsal region,R,ants,967,0.3794031309586926,0.008758603635087191,0.7159101443647233,0.21473861926442664,0.1649438887834549,0.13603343069553375
L_PALm,826,PALm,Pallidum medial region,L,ants,1304,-0.13659233407933163,0.30038622472808,0.39938353959924255,0.12474924102219637,0.1814715415239334,0.14864996075630188
R_PALm,826,PALm,Pallidum medial region,R,ants,395,-0.09679437157416987,0.35255517081939197,0.566598249832486,0.20462453883791124,0.13694269955158234,0.10959738492965698
L_PALv,835,PALv,Pallidum ventral region,L,ants,1843,-0.08067185199868626,-0.034607850194717425,0.2247730028267278,0.07471021669526842,0.20680677890777588,0.17945587635040283
R_PALv,835,PALv,Pallidum ventral region,R,ants,1801,0.03485574217103382,-0.0016676375901361507,0.22995350610693172,0.07721783060292225,0.23537099361419678,0.20751000940799713
L_DN,846,DN,Dentate nucleus,L,ants,201,0.0070799286162497544,-0.05639470228612379,1.5805289806334515,0.4736796829313187,0.21524538099765778,0.1728908121585846
R_DN,846,DN,Dentate nucleus,R,ants,196,0.2031537573601289,0.03384803938020985,1.101878578545989,0.39151262493459754,0.3321051597595215,0.2942631244659424
L_DORpm,856,DORpm,Thalamus polymodal association cortex related,L,ants,7905,-0.08144293258233293,0.3762163618666426,0.27445333531538874,0.07567727245221391,0.22983603179454803,0.19461248815059662
R_DORpm,856,DORpm,Thalamus polymodal association cortex related,R,ants,6269,-0.15401686758261468,0.31221361215792415,0.319455957167039,0.08767939708242052,0.24289336800575256,0.2031543254852295
L_DORsm,864,DORsm,Thalamus sensory-motor cortex related,L,ants,3879,0.013646031947770714,0.23287028051036787,0.2762196523307653,0.07954476320395124,0.2762349843978882,0.2200457751750946
R_DORsm,864,DORsm,Thalamus sensory-motor cortex related,R,ants,3703,0.01434340502540446,0.21844244905734572,0.26423286812453106,0.0758331674040143,0.301062673330307,0.24438241124153137
L_LING,912,LING,Lingula (I),L,ants,123,0.3135659678125638,0.33564062147685686,1.5925822914981294,0.5056558086486217,0.2897409200668335,0.25116267800331116
L_CENT,920,CENT,Central lobule,L,ants,3687,0.2660967792393108,0.30157812967804176,0.32784939837937643,0.09591470366814075,0.21743570268154144,0.18041175603866577
R_CENT,920,CENT,Central lobule,R,ants,2100,0.13047158771284906,0.24029202945229364,0.4222120838167296,0.12634381501507622,0.26246604323387146,0.22089791297912598
L_CUL,928,CUL,Culmen,L,ants,5333,0.4211626072728651,0.16041934404645009,0.3096393373437961,0.09275820183549045,0.2157006561756134,0.1821392923593521
R_CUL,928,CUL,Culmen,R,ants,4314,0.3163673096753354,0.15180814965874825,0.35378768157549567,0.10095954592812068,0.3103474974632263,0.26150602102279663
L_DEC,936,DEC,Declive (VI),L,ants,1869,0.47720183723338955,0.40887412233986975,0.6296318041909483,0.17759743214759027,0.19315198063850403,0.1524532437324524
R_DEC,936,DEC,Declive (VI),R,ants,1847,0.2436076510150348,0.1644355079691264,0.6525604342130095,0.18031770917023235,0.3444388508796692,0.2716541886329651
L_EP,942,EP,Endopiriform nucleus,L,ants,1755,-0.18451361914690417,0.2087460613382239,0.17371833772360623,0.06844411247728258,0.24861125648021698,0.23644526302814484
R_EP,942,EP,Endopiriform nucleus,R,ants,2056,0.2219769144501509,0.03530269091034631,0.1841003300797395,0.07279052840023356,0.2928388714790344,0.28530970215797424
L_FOTU,944,FOTU,Folium-tuber vermis (VII),L,ants,717,0.4946924475989513,0.44929161134363926,1.0481979267351291,0.30364912314563725,0.2152305394411087,0.17736686766147614
R_FOTU,944,FOTU,Folium-tuber vermis (VII),R,ants,634,0.3443126044897179,0.2730895727232622,1.1642851458900587,0.32544404606185395,0.3203204870223999,0.2568853199481964
L_PYR,951,PYR,Pyramus (VIII),L,ants,885,0.4983515154215833,0.36061252729627347,0.8648214366711022,0.26262432771595023,0.2678469717502594,0.23217201232910156
R_PYR,951,PYR,Pyramus (VIII),R,ants,608,0.3026347688896848,0.19521585620439957,1.0170045490658615,0.2998436792361206,0.366676926612854,0.30923381447792053
L_UVU,957,UVU,Uvula (IX),L,ants,1279,0.4555116429596813,0.3114423420190003,0.8512779426292875,0.2377923528858195,0.21815457940101624,0.17636175453662872
R_UVU,957,UVU,Uvula (IX),R,ants,858,0.1154452129933518,0.2392805492795635,1.029588061256792,0.2835470876751321,0.2807673513889313,0.22494375705718994
L_NOD,968,NOD,Nodulus (X),L,ants,1199,0.5074721181772887,0.2438746092547414,0.9375816945751251,0.2719380931104245,0.273166686296463,0.24811086058616638
R_NOD,968,NOD,Nodulus (X),R,ants,780,0.19613639917549475,0.27943005021659384,0.9534762560743297,0.2769637310283953,0.3282833397388458,0.29784664511680603
L_P-mot,987,P-mot,Pons motor related,L,ants,3340,0.26388529310411163,0.1079448801677075,0.3824152461640221,0.10669523846626572,0.2680661678314209,0.2266114354133606
R_P-mot,987,P-mot,Pons motor related,R,ants,2917,0.23188198743776986,-0.12161503500842616,0.46967685603451315,0.13395812676977953,0.2916732132434845,0.2563645541667938
L_FN,989,FN,Fastigial nucleus,L,ants,231,0.3795952298520539,-0.2973507444481931,1.277972906797881,0.3974083475050643,0.33480125665664673,0.3071044385433197
R_FN,989,FN,Fastigial nucleus,R,ants,303,0.41086363889970595,-0.17680013596341926,1.2560260432333155,0.38069361243089467,0.22222863137722015,0.18282519280910492
L_SIM,1007,SIM,Simple lobule,L,ants,3682,0.5076830325316821,0.2221088646486391,0.45341642762145296,0.12868130615599757,0.1771162748336792,0.1444718986749649
R_SIM,1007,SIM,Simple lobule,R,ants,3504,0.3863657912931165,0.2604721086732213,0.47851843368833524,0.1318571077812603,0.20618847012519836,0.1726505011320114
L_AN,1017,AN,Ansiform lobule,L,ants,4773,0.49050494857294935,0.38671080833307736,0.39517355752584993,0.11063729135542635,0.1690082550048828,0.13440658152103424
R_AN,1017,AN,Ansiform lobule,R,ants,5685,0.29260556967169193,0.49050433093805273,0.3249817252486708,0.08786928573670505,0.2333163470029831,0.18297788500785828
L_PRM,1025,PRM,Paramedian lobule,L,ants,2041,0.6924373845256172,0.3034995356007032,0.7726480677126253,0.21636689172937218,0.15042367577552795,0.12080810964107513
R_PRM,1025,PRM,Paramedian lobule,R,ants,2742,0.40280948382809584,0.41147980881793933,0.5783585701123037,0.15870505076801564,0.2199421375989914,0.17010533809661865
L_COPY,1033,COPY,Copula pyramidis,L,ants,1284,0.5136250435740977,0.22285315390340282,0.7828529488456077,0.2319497338150755,0.2306392937898636,0.19720332324504852
R_COPY,1033,COPY,Copula pyramidis,R,ants,1371,0.27991030446947374,0.16444288737516521,0.7086898117709722,0.20245801577349176,0.27074721455574036,0.22698253393173218
L_PFL,1041,PFL,Paraflocculus,L,ants,2187,0.44783784511145974,0.4407017622645789,0.5874482452674992,0.1644129396701085,0.1908712536096573,0.15541236102581024
R_PFL,1041,PFL,Paraflocculus,R,ants,2721,0.5692144012047562,0.4792161042820662,0.6429418965411918,0.1785380097244861,0.15311752259731293,0.11584573239088058
L_FL,1049,FL,Flocculus,L,ants,639,0.488068493144138,0.27133945004028814,1.3370427879446363,0.3593157815334183,0.18812155723571777,0.14626790583133698
R_FL,1049,FL,Flocculus,R,ants,642,0.5565509127588366,0.16438847097488507,1.4306341905352107,0.3794231970012199,0.18796241283416748,0.1376439779996872
L_PPN,1052,PPN,Pedunculopontine nucleus,L,ants,575,-0.28390353987003975,0.19525759068661272,0.4656514296215206,0.16161678836677665,0.29979854822158813,0.2750610411167145
R_PPN,1052,PPN,Pedunculopontine nucleus,R,ants,517,-0.32498097568548695,0.12252847077479036,0.5390728911827085,0.18260875248919373,0.30940529704093933,0.2783007323741913
L_HPF,1089,HPF,Hippocampal formation,L,ants,28855,0.48499407028722435,0.4281974874205702,0.28443877892061475,0.07838763773036295,0.21602661907672882,0.18756988644599915
R_HPF,1089,HPF,Hippocampal formation,R,ants,28268,0.5221088364708645,0.4225369537572846,0.35857742883632104,0.09760471402251769,0.23220610618591309,0.20297472178936005
L_HY,1097,HY,Hypothalamus,L,ants,1863,0.24743146995591378,0.354772871810518,0.46333284338272296,0.14224106314497417,0.24400092661380768,0.21863818168640137
R_HY,1097,HY,Hypothalamus,R,ants,1376,0.025225447872614663,0.3698133442700079,0.595640582702161,0.17941040603363473,0.2648092210292816,0.2276819795370102
L_PRT,1100,PRT,Pretectal region,L,ants,1112,-0.06452604938546569,0.5072305992081562,0.625031021600452,0.18630493375468357,0.25842443108558655,0.21098627150058746
R_PRT,1100,PRT,Pretectal region,R,ants,1045,-0.14390805129552345,0.44819513340697686,0.6195721779317,0.1886189173254047,0.30681219696998596,0.2552442252635956
L_P-sat,1117,P-sat,Pons behavioral state related,L,ants,2322,-0.014820487283528855,0.11481577886312447,0.27942198995091594,0.08812366843806782,0.2541869878768921,0.22004203498363495
R_P-sat,1117,P-sat,Pons behavioral state related,R,ants,1555,0.1542192089404471,-0.08036169241171473,0.4633437666251259,0.1394748725329593,0.2548476457595825,0.2149922400712967
L_P-sen,1132,P-sen,Pons sensory related,L,ants,1838,0.21011856353102285,0.17704676879160738,0.5739339619938358,0.15803078016971964,0.3330901563167572,0.28245264291763306
R_P-sen,1132,P-sen,Pons sensory related,R,ants,1877,0.30137751304548005,0.07847306093630371,0.6185516252211612,0.17126811814959858,0.3602015972137451,0.3089897930622101
L_IC,4,IC,Inferior colliculus,L,emlddmm,2769,0.1993001886385396,-0.1476738674805745,0.5375389775984583,0.14382610040699992,0.2933119237422943,0.22177904844284058
R_IC,4,IC,Inferior colliculus,R,emlddmm,2744,0.22131361067753386,0.0971565207203456,0.4978794823662377,0.13839552770405436,0.23694021999835968,0.19762645661830902
L_IP,91,IP,Interposed nucleus,L,emlddmm,517,0.38066827264886827,0.08622833740802525,0.9791089440991144,0.28987064993610795,0.20321102440357208,0.16376982629299164
R_IP,91,IP,Interposed nucleus,R,emlddmm,587,0.1543311662279073,-0.07668007853157946,0.9994356837741466,0.2877701499704979,0.23033390939235687,0.1788351982831955
L_MRN,128,MRN,Midbrain reticular nucleus,L,emlddmm,2782,0.18208775222444282,-0.06847908968682206,0.2493943793776278,0.07799345618146912,0.3628181219100952,0.3335711658000946
R_MRN,128,MRN,Midbrain reticular nucleus,R,emlddmm,2565,0.17037639225498405,-0.028127798462964572,0.23387925926209846,0.07437865214445126,0.38134562969207764,0.3502718508243561
L_LA,131,LA,Lateral amygdalar nucleus,L,emlddmm,378,0.0806590479839671,-0.0679321860489104,0.7165561681536589,0.24444162610373887,0.31641507148742676,0.2967934310436249
R_LA,131,LA,Lateral amygdalar nucleus,R,emlddmm,435,0.35134558876121585,0.1465124890785415,0.7622272003442974,0.2603551616694438,0.34828323125839233,0.33320388197898865
L_PVR,141,PVR,Periventricular region,L,emlddmm,1544,0.43580538872321856,0.2578506650095259,0.5800841674301032,0.17369371003653505,0.24810545146465302,0.2183101773262024
R_PVR,141,PVR,Periventricular region,R,emlddmm,280,0.11789796738594627,0.2228441008287,0.7754651788901337,0.2674351188209779,0.2975045144557953,0.27066245675086975
L_PVZ,157,PVZ,Periventricular zone,L,emlddmm,786,0.5371631445947873,0.17297194407130498,0.6484836574339263,0.22365991132711813,0.19943490624427795,0.17199252545833588
L_RAmb,165,RAmb,Midbrain raphe nuclei,L,emlddmm,407,0.20753807275297298,-0.011513339758980877,1.026568378190439,0.3144536320506544,0.18572726845741272,0.15010324120521545
L_RN,214,RN,Red nucleus,L,emlddmm,407,-0.06217677344270963,-0.04701273470836469,0.7286159123312563,0.23981993127493476,0.3587386906147003,0.3337987959384918
R_RN,214,RN,Red nucleus,R,emlddmm,389,-0.07926928208192553,-0.07892728994770583,0.8144844012443303,0.2623766083064738,0.3337201178073883,0.30091410875320435
L_RR,246,RR,Midbrain reticular nucleus retrorubral area,L,emlddmm,66,0.12792833732664521,-0.005541082296868885,0.9064028830847713,0.38510768336833234,0.19055159389972687,0.18099509179592133
R_RR,246,RR,Midbrain reticular nucleus retrorubral area,R,emlddmm,72,0.08340032679793491,-0.19262435340692569,1.1055379709013708,0.42824234445586845,0.1821538209915161,0.1462339609861374
R_SAG,271,SAG,Nucleus sagulum,R,emlddmm,61,0.16687269248245604,-0.023613768170136357,0.8250199384608196,0.3615576577746666,0.06259234994649887,0.049400947988033295
L_LSX,275,LSX,Lateral septal complex,L,emlddmm,2263,-0.3327566391896154,0.3883953423627822,0.3305668906692507,0.10842047641571988,0.23276261985301971,0.20726056396961212
R_LSX,275,LSX,Lateral septal complex,R,emlddmm,775,-0.3029691450170251,0.22291828885462595,0.44267226273129184,0.15747638939888903,0.2554005980491638,0.2316073775291443
L_sAMY,278,sAMY,Striatum-like amygdalar nuclei,L,emlddmm,1816,0.27582249437366296,0.020555758279691794,0.44146480689682555,0.14139346501804462,0.2947121262550354,0.2743837833404541
R_sAMY,278,sAMY,Striatum-like amygdalar nuclei,R,emlddmm,2015,0.3709620975390908,0.07460552306832884,0.4305989852086457,0.14314246109749712,0.38506969809532166,0.36152157187461853
L_LZ,290,LZ,Hypothalamic lateral zone,L,emlddmm,2448,0.43849399560100566,0.15022117844715163,0.5715734332455706,0.16261727953941002,0.17628736793994904,0.1418640911579132
R_LZ,290,LZ,Hypothalamic lateral zone,R,emlddmm,2585,0.3393651154105263,0.015138119083777496,0.5083433496584366,0.14444435412852796,0.20886799693107605,0.16916576027870178
L_SCm,294,SCm,Superior colliculus motor related,L,emlddmm,3720,-0.22900298189614057,-0.08740080748568359,0.38736825274372255,0.10976884186675165,0.2651022970676422,0.21362940967082977
R_SCm,294,SCm,Superior colliculus motor related,R,emlddmm,2804,-0.3411559754807868,0.09961744223360458,0.40769019929612815,0.11749311644286042,0.24492421746253967,0.20009884238243103
L_BLA,295,BLA,Basolateral amygdalar nucleus,L,emlddmm,856,0.09660351250589767,0.07660655053762196,0.35466461218781603,0.12464043176452685,0.35674378275871277,0.3412659764289856
R_BLA,295,BLA,Basolateral amygdalar nucleus,R,emlddmm,994,0.1535186585227952,0.23671352114052732,0.4521747635791249,0.15678052921094154,0.4074125289916992,0.39394405484199524
L_SCs,302,SCs,Superior colliculus sensory related,L,emlddmm,1572,0.2605864839002934,0.0845340950995509,0.48363768462298606,0.14807265997495864,0.22344723343849182,0.16689863801002502
R_SCs,302,SCs,Superior colliculus sensory related,R,emlddmm,902,0.20213595748019236,-0.06983592674022804,0.5386303857159654,0.17176647111173368,0.19924946129322052,0.1665157526731491
L_MB,313,MB,Midbrain,L,emlddmm,4120,0.23393639463132052,-0.03780528883713052,0.3401435844493565,0.09362342417224584,0.22296874225139618,0.18036183714866638
R_MB,313,MB,Midbrain,R,emlddmm,2932,0.06948114161033084,0.13199032752412038,0.4066061436959395,0.11114479922951323,0.26955580711364746,0.223939448595047
L_Isocortex,315,Isocortex,Isocortex,L,emlddmm,60688,0.4409311790576961,0.39509177013501223,0.21280700583946413,0.05861968688104201,0.23100586235523224,0.19226191937923431
R_Isocortex,315,Isocortex,Isocortex,R,emlddmm,55492,0.49307523579997425,0.2555314184372478,0.2377682719988244,0.06502368450424334,0.23425371944904327,0.19771726429462433
L_BMA,319,BMA,Basomedial amygdalar nucleus,L,emlddmm,667,-0.17434645159452844,0.10606350745955205,0.2566115939539221,0.10044722847769906,0.33019381761550903,0.31864678859710693
R_BMA,319,BMA,Basomedial amygdalar nucleus,R,emlddmm,769,-0.42263742554340705,-0.06637694543143656,0.4466703418767176,0.1658163964986729,0.4000459313392639,0.37884387373924255
L_MY,354,MY,Medulla,L,emlddmm,1990,0.27350644222403236,0.10660694967141786,0.6168962863993771,0.18405520504817288,0.39302241802215576,0.30833274126052856
R_MY,354,MY,Medulla,R,emlddmm,1247,0.25589668058237836,0.1484679225033147,0.7851912378822195,0.2357904075208039,0.4624146521091461,0.3607081174850464
L_MY-mot,370,MY-mot,Medulla motor related,L,emlddmm,9794,0.22422496792078989,-0.13867999159898545,0.223471751172469,0.06202316531985668,0.28853392601013184,0.2497895359992981
R_MY-mot,370,MY-mot,Medulla motor related,R,emlddmm,6459,0.21714977145278694,-0.06122792196942613,0.2694198969305625,0.0748537311418148,0.26763036847114563,0.21944475173950195
L_SNc,374,SNc,Substantia nigra compact part,L,emlddmm,93,-0.13221842828787464,0.2564712285349213,1.354578601605829,0.4763128305441176,0.12527573108673096,0.10291244834661484
R_SNc,374,SNc,Substantia nigra compact part,R,emlddmm,104,-0.5001485938017315,-0.09550879024565581,1.5428031475140054,0.5185434720510236,0.1968691200017929,0.15331479907035828
L_MY-sat,379,MY-sat,Medulla behavioral state related,L,emlddmm,170,-0.30031863355018523,-0.02392847310121764,1.578529104225205,0.48424591089951297,0.2706816494464874,0.23561681807041168
L_SNr,381,SNr,Substantia nigra reticular part,L,emlddmm,685,0.23875704401379813,-0.27288163493241896,1.0421609706002666,0.29558829003733533,0.2062666267156601,0.16449810564517975
R_SNr,381,SNr,Substantia nigra reticular part,R,emlddmm,790,-0.05444407126208017,0.35886152507112146,0.8723784253027455,0.254670316574562,0.20701788365840912,0.16447468101978302
L_MY-sen,386,MY-sen,Medulla sensory related,L,emlddmm,4443,0.3964905892247679,-0.06672045985059617,0.45495753357143426,0.1281778069579351,0.3118709921836853,0.27051275968551636
R_MY-sen,386,MY-sen,Medulla sensory related,R,emlddmm,4240,0.24345428304438452,-0.15519406141535205,0.39828237556293256,0.10831518142760461,0.32870423793792725,0.2777548134326935
L_MEZ,467,MEZ,Hypothalamic medial zone,L,emlddmm,2494,0.12978394666594856,0.1598846466411635,0.23085710195783568,0.0797649595994587,0.3046329617500305,0.2879503071308136
R_MEZ,467,MEZ,Hypothalamic medial zone,R,emlddmm,598,0.14709529905197372,0.20332738522007876,0.6974856149574105,0.23285556073085148,0.31399911642074585,0.29408422112464905
L_STR,477,STR,Striatum,L,emlddmm,1559,0.05415288893147977,0.15342411303515138,0.599196375132864,0.17425607009720653,0.26134583353996277,0.22817975282669067
R_STR,477,STR,Striatum,R,emlddmm,840,-0.02169619275615876,-0.08354025707181466,0.8393699564711175,0.24395191866341281,0.2892344295978546,0.24660204350948334
L_STRd,485,STRd,Striatum dorsal region,L,emlddmm,11455,0.08661912696063284,0.1888523461522815,0.16637136019568835,0.047185092321264416,0.20888392627239227,0.1694795936346054
R_STRd,485,STRd,Striatum dorsal region,R,emlddmm,12609,0.10549373663729715,0.1790619801390408,0.1680974758378157,0.046468595671782395,0.23684367537498474,0.19624392688274384
L_STRv,493,STRv,Striatum ventral region,L,emlddmm,4134,0.25191576177627795,0.08179385451229398,0.31721741340729703,0.09303626275104644,0.3815428614616394,0.34482795000076294
R_STRv,493,STRv,Striatum ventral region,R,emlddmm,3816,0.11401070367519421,0.2013752379371124,0.330897798847943,0.09955582403111217,0.3870970606803894,0.3530678451061249
L_CB,512,CB,Cerebellum,L,emlddmm,465,0.4226070150670021,0.08537904277419962,1.613398152834654,0.43059802094018795,0.27731794118881226,0.23772215843200684
R_CB,512,CB,Cerebellum,R,emlddmm,515,0.425901665648269,0.029829130940927654,1.5574474001152407,0.4176873306353971,0.35000574588775635,0.29798614978790283
L_TH,549,TH,Thalamus,L,emlddmm,531,-0.7418156682908001,0.18729814727646227,1.444166605534504,0.395936657490651,0.3801537752151489,0.3317510783672333
R_TH,549,TH,Thalamus,R,emlddmm,365,-0.621729801436227,0.04819590859410617,1.4730077712455214,0.42155914142550505,0.4504748284816742,0.382207989692688
R_NB,580,NB,Nucleus of the brachium of the inferior colliculus,R,emlddmm,52,-0.6877367690678644,0.43912808712387175,1.8398567183795993,0.6546273718409169,0.4223406910896301,0.37864449620246887
L_CLA,583,CLA,Claustrum,L,emlddmm,231,-0.5257208803065662,0.13507798544253857,0.6401303331198956,0.25475967535126737,0.2796515226364136,0.26402854919433594
R_CLA,583,CLA,Claustrum,R,emlddmm,263,-0.38752699195792023,-0.45426231396596606,0.834686176309826,0.29724358766525966,0.2496856302022934,0.21973851323127747
L_CUN,616,CUN,Cuneiform nucleus,L,emlddmm,306,0.5306971464615194,0.13122551817430966,0.7271347842608578,0.25491321762115665,0.16204679012298584,0.14342862367630005
R_CUN,616,CUN,Cuneiform nucleus,R,emlddmm,343,-0.2795414561980228,-0.05510107550489753,0.5008141719572853,0.1842515645631543,0.22318807244300842,0.20027075707912445
L_OLF,698,OLF,Olfactory areas,L,emlddmm,25396,0.09075584170972635,0.08127959914162977,0.13837670156630993,0.03967226810474336,0.35648244619369507,0.30711692571640015
R_OLF,698,OLF,Olfactory areas,R,emlddmm,17676,0.36231213933950146,0.10236316285767301,0.1894542248533911,0.056888917963837174,0.33707424998283386,0.30317696928977966
L_CTXsp,703,CTXsp,Cortical subplate,L,emlddmm,178,-0.406845124277105,0.08036915816954537,1.0085783284407057,0.35543610186319036,0.24348659813404083,0.21548613905906677
R_CTXsp,703,CTXsp,Cortical subplate,R,emlddmm,190,-0.35256168643351066,-0.18936087721709463,0.9867433535791954,0.3406619703574322,0.30289342999458313,0.2578110098838806
L_VTA,749,VTA,Ventral tegmental area,L,emlddmm,217,-0.05882117258275383,-0.010788755713819443,1.194152821913968,0.3813173162459946,0.17778857052326202,0.14332208037376404
R_VTA,749,VTA,Ventral tegmental area,R,emlddmm,192,-0.0657683963406884,0.22855772817661466,1.2085265837430106,0.39226320918264024,0.14808215200901031,0.12156585603952408
L_P,771,P,Pons,L,emlddmm,2162,0.5388954084853692,-0.03934254352120331,0.5964511392345192,0.18135363450253697,0.20515424013137817,0.16640159487724304
R_P,771,P,Pons,R,emlddmm,1365,0.5113091190972947,0.1294560242668909,0.7817034082849124,0.2373975930626091,0.24374960362911224,0.19018541276454926
L_PA,780,PA,Posterior amygdalar nucleus,L,emlddmm,417,0.20825136592740082,0.09977234649651799,0.4204933657168157,0.1617652604844922,0.29217293858528137,0.2820238471031189
R_PA,780,PA,Posterior amygdalar nucleus,R,emlddmm,498,-0.008277080937891045,0.15598564317948135,0.5697629396250818,0.1985642816973764,0.36119168996810913,0.33736711740493774
L_PAG,795,PAG,Periaqueductal gray,L,emlddmm,4027,0.2912443405183287,0.022764618467188805,0.2586595903785497,0.07624826645681482,0.16158385574817657,0.13171185553073883
R_PAG,795,PAG,Periaqueductal gray,R,emlddmm,1245,-0.36338343742811524,-0.04998231446491203,0.4751327660442097,0.14706821414097782,0.1760762482881546,0.1452677994966507
L_PAL,803,PAL,Pallidum,L,emlddmm,521,-0.008824558439409895,0.308635497212797,0.9476469738130824,0.2837440915991595,0.18227919936180115,0.14442652463912964
R_PAL,803,PAL,Pallidum,R,emlddmm,489,-0.06990782520466297,0.23320275837846224,0.788166655726482,0.24936550119569642,0.15989945828914642,0.12925584614276886
L_PALc,809,PALc,Pallidum caudal region,L,emlddmm,572,-0.05366791674287713,0.2863559049637673,0.5444748520927057,0.18999948431385583,0.2637402415275574,0.24319873750209808
R_PALc,809,PALc,Pallidum caudal region,R,emlddmm,598,-0.011897615483311252,0.09855401006226103,0.4725866277993634,0.17152128134614614,0.3053511083126068,0.28438591957092285
L_PALd,818,PALd,Pallidum dorsal region,L,emlddmm,865,0.15488131296784974,0.06762562368960306,0.6135968743291669,0.18935008413582546,0.1684914380311966,0.13790637254714966
R_PALd,818,PALd,Pallidum dorsal region,R,emlddmm,967,0.24487298045554926,0.004670058778696872,0.6132069603297386,0.18429636692613616,0.1718384027481079,0.13873906433582306
L_PALm,826,PALm,Pallidum medial region,L,emlddmm,1119,0.041736815997295736,0.29047871677787634,0.4801572679976632,0.14986330544403637,0.18638315796852112,0.15298110246658325
R_PALm,826,PALm,Pallidum medial region,R,emlddmm,216,0.07868001423877469,0.061907010175965255,0.5408630794749174,0.21536756783954525,0.10936799645423889,0.0893271416425705
L_PALv,835,PALv,Pallidum ventral region,L,emlddmm,1577,-0.03719037700770825,0.0823706878722511,0.291888193713586,0.09563613033919251,0.23784056305885315,0.20561550557613373
R_PALv,835,PALv,Pallidum ventral region,R,emlddmm,1546,-0.01601876120185179,0.06255143101994895,0.2511022853264918,0.08586475118575075,0.2409726083278656,0.2164239138364792
L_DN,846,DN,Dentate nucleus,L,emlddmm,187,-0.006313305355484209,-0.2675479561106491,1.5063113504831382,0.47027386596267673,0.23098251223564148,0.1927623599767685
R_DN,846,DN,Dentate nucleus,R,emlddmm,212,0.08505568350341372,0.1211109078426988,1.243923386332123,0.3921192078139155,0.2142520546913147,0.17389337718486786
L_DORpm,856,DORpm,Thalamus polymodal association cortex related,L,emlddmm,6797,-0.10564677227958333,0.2499622718172656,0.31126245346791054,0.08497905857959025,0.25104907155036926,0.20735329389572144
R_DORpm,856,DORpm,Thalamus polymodal association cortex related,R,emlddmm,4447,-0.1985772444174395,0.1613149381127343,0.34982201460844364,0.09625077789124452,0.24378766119480133,0.19176577031612396
L_DORsm,864,DORsm,Thalamus sensory-motor cortex related,L,emlddmm,2989,-0.066398160939826,0.23362572072872018,0.3873792649739788,0.11103651767137131,0.24320070445537567,0.1810561716556549
R_DORsm,864,DORsm,Thalamus sensory-motor cortex related,R,emlddmm,3047,-0.20410526736751153,0.10960024797094374,0.34153803291006635,0.0966861500433653,0.29174137115478516,0.2342335432767868
L_LING,912,LING,Lingula (I),L,emlddmm,139,-0.18807207460992806,-0.1495371108462434,1.4214895424525182,0.4631017428784457,0.20483000576496124,0.17336279153823853
L_CENT,920,CENT,Central lobule,L,emlddmm,3777,0.1377408042979465,0.09426703305426025,0.3640755155255211,0.10260218892555908,0.289043664932251,0.22487828135490417
R_CENT,920,CENT,Central lobule,R,emlddmm,1613,-0.09064556564707364,0.030994962190932916,0.6106364034697731,0.17129688352961775,0.3350104093551636,0.2787354290485382
L_CUL,928,CUL,Culmen,L,emlddmm,5476,0.36077448231995374,-0.0733922710457507,0.3877274621075685,0.10831110743569854,0.3878476023674011,0.3202958106994629
R_CUL,928,CUL,Culmen,R,emlddmm,3342,0.3326070523608607,-0.01752395737657952,0.4938333674593441,0.14184797374969216,0.3858895003795624,0.30924874544143677
L_DEC,936,DEC,Declive (VI),L,emlddmm,3063,0.21691030151206364,-0.11846330211546345,0.41052745135492186,0.11676625655314422,0.2707003951072693,0.2148505300283432
R_DEC,936,DEC,Declive (VI),R,emlddmm,1443,0.29333553474259066,-0.04022764054007957,0.7364796488243825,0.20994523561248693,0.34839650988578796,0.3001744747161865
L_EP,942,EP,Endopiriform nucleus,L,emlddmm,1258,-0.19286728145435103,0.21860852876891926,0.21671364335111035,0.08270463655213947,0.2493552416563034,0.23417699337005615
R_EP,942,EP,Endopiriform nucleus,R,emlddmm,1426,0.03134381036266922,-0.11756581367845005,0.289960076856824,0.10309678629480871,0.2664335370063782,0.2411038726568222
L_FOTU,944,FOTU,Folium-tuber vermis (VII),L,emlddmm,1046,-0.11771955516208071,-0.04726526958647164,0.6402557270200255,0.18909605350609912,0.23332801461219788,0.18756474554538727
R_FOTU,944,FOTU,Folium-tuber vermis (VII),R,emlddmm,499,0.06940405577525402,-0.04136654625755713,1.2334772465666972,0.35166375542736295,0.3177439868450165,0.2563171982765198
L_PYR,951,PYR,Pyramus (VIII),L,emlddmm,1301,-0.11889452074566548,-0.0350498101313985,0.6446486256335843,0.1932735086885877,0.32918164134025574,0.28149741888046265
R_PYR,951,PYR,Pyramus (VIII),R,emlddmm,522,0.08903165905592746,0.060716052087599726,1.1354928975203231,0.3383067010297991,0.464361310005188,0.4104578495025635
L_UVU,957,UVU,Uvula (IX),L,emlddmm,2104,-0.08263152242820346,0.13763866948213832,0.6777154487748784,0.18411013228772935,0.39066413044929504,0.3309948742389679
R_UVU,957,UVU,Uvula (IX),R,emlddmm,850,-0.30942659432164943,0.045068736410295476,1.1274195704003658,0.3090058150975824,0.3818260729312897,0.31413012742996216
L_NOD,968,NOD,Nodulus (X),L,emlddmm,1422,-0.14322695050555465,-0.07091996074020956,0.7843744697156463,0.21557453570366558,0.308383047580719,0.23165319859981537
R_NOD,968,NOD,Nodulus (X),R,emlddmm,605,-0.3314993860535251,0.010258577572566678,1.232835816888696,0.34141217818217917,0.2818797528743744,0.2258611023426056
L_P-mot,987,P-mot,Pons motor related,L,emlddmm,3465,0.28013940392482756,-0.21465087102767577,0.39434064022398496,0.11579370032557973,0.26401662826538086,0.22454684972763062
R_P-mot,987,P-mot,Pons motor related,R,emlddmm,1913,0.349577910792875,-0.03360222029512806,0.5304298696768175,0.16230324725279982,0.2673185169696808,0.2360701709985733
L_FN,989,FN,Fastigial nucleus,L,emlddmm,322,0.06531308185524314,-0.16211667588903456,0.9355453468870552,0.2984942231649854,0.2932204604148865,0.2615290880203247
R_FN,989,FN,Fastigial nucleus,R,emlddmm,346,0.1775980714712441,0.07085885457269797,1.0433192747736788,0.3249670470823301,0.207748144865036,0.1743272989988327
L_SIM,1007,SIM,Simple lobule,L,emlddmm,3286,0.21210673415972872,-0.0046597421795245035,0.3696255413446988,0.1044856996426967,0.3062898814678192,0.24823881685733795
R_SIM,1007,SIM,Simple lobule,R,emlddmm,3695,0.2364427354670805,0.06548357360919564,0.4423813514745818,0.12084507664954208,0.353729784488678,0.2716571092605591
L_AN,1017,AN,Ansiform lobule,L,emlddmm,6152,0.4439569830700403,-0.05554722966453789,0.36229283504988696,0.10081419398268912,0.2789102792739868,0.21643708646297455
R_AN,1017,AN,Ansiform lobule,R,emlddmm,6738,0.37563024200495254,-0.08279427376386686,0.3163408549884613,0.08520773788742968,0.24426156282424927,0.19084957242012024
L_PRM,1025,PRM,Paramedian lobule,L,emlddmm,2863,0.19491182923271963,-0.04450959597966311,0.5048324983215072,0.13726769309569137,0.2740558981895447,0.22044068574905396
R_PRM,1025,PRM,Paramedian lobule,R,emlddmm,3085,0.3344519349258794,-0.013309055306011348,0.4975385170042475,0.13592657848950082,0.2181156724691391,0.1646208018064499
L_COPY,1033,COPY,Copula pyramidis,L,emlddmm,1591,0.4596024593712289,0.04562178028516072,0.8613233399727696,0.233230368713171,0.21498791873455048,0.16721397638320923
R_COPY,1033,COPY,Copula pyramidis,R,emlddmm,1670,0.1801029602007797,-0.04165590164483861,0.799920269035006,0.21245150455921732,0.31199419498443604,0.24473880231380463
L_PFL,1041,PFL,Paraflocculus,L,emlddmm,2808,0.27764651246833305,-0.010534766968801929,0.42376303379903024,0.13885147112118548,0.3210429847240448,0.2819659113883972
R_PFL,1041,PFL,Paraflocculus,R,emlddmm,3041,0.2791843919478157,-0.09748116491927174,0.49945966465484715,0.13886321162297205,0.2657833993434906,0.2279815673828125
L_FL,1049,FL,Flocculus,L,emlddmm,666,0.34214442131250444,-0.08070387243924255,0.6821299093469643,0.21429345358004642,0.28774362802505493,0.2526961863040924
R_FL,1049,FL,Flocculus,R,emlddmm,760,0.28789040490904744,-0.06595917807367008,0.9261163089534483,0.2715652334935551,0.3330715298652649,0.2953658699989319
L_PPN,1052,PPN,Pedunculopontine nucleus,L,emlddmm,453,-0.19746817961706636,0.24247313666632697,0.5393357517210848,0.1863481827809867,0.2002524435520172,0.17219869792461395
R_PPN,1052,PPN,Pedunculopontine nucleus,R,emlddmm,510,-0.14070601043912384,-0.17637183922339847,0.4574252571615155,0.15827595569487896,0.19586803019046783,0.16565066576004028
L_HPF,1089,HPF,Hippocampal formation,L,emlddmm,20544,0.3634350025231605,0.08379266537848729,0.2206643430535107,0.06037838585174845,0.23240797221660614,0.19504086673259735
R_HPF,1089,HPF,Hippocampal formation,R,emlddmm,22805,0.3579687597533769,0.1163033545321039,0.21956637315596134,0.05923965374311632,0.25089842081069946,0.21237234771251678
L_HY,1097,HY,Hypothalamus,L,emlddmm,1630,0.13291229652237813,0.22417571296422295,0.42378209347927526,0.13171660963176582,0.26319605112075806,0.23541779816150665
R_HY,1097,HY,Hypothalamus,R,emlddmm,829,-0.030117341331201655,0.08136754713267208,0.5873362425080355,0.18579751484017365,0.2721172571182251,0.23951442539691925
L_PRT,1100,PRT,Pretectal region,L,emlddmm,1089,-0.15928036864528625,0.11078081807432218,0.6891412404853803,0.20267612508520172,0.23288346827030182,0.1861547827720642
R_PRT,1100,PRT,Pretectal region,R,emlddmm,982,-0.20617971425409165,0.03525781204213098,0.6884431202037196,0.20316111941816867,0.2230767458677292,0.1813254952430725
L_P-sat,1117,P-sat,Pons behavioral state related,L,emlddmm,2197,0.40039341262548306,-0.044992751138582275,0.4714311047097901,0.1425210683459372,0.18572787940502167,0.1560746133327484
R_P-sat,1117,P-sat,Pons behavioral state related,R,emlddmm,1353,0.3691718980822496,0.06287826477183317,0.6084538894376683,0.18555765662935597,0.2022104263305664,0.1630583554506302
L_P-sen,1132,P-sen,Pons sensory related,L,emlddmm,1837,0.13298095378179473,-0.024412829367555657,0.5110759648279017,0.15854169572557733,0.2967313528060913,0.2607294023036957
R_P-sen,1132,P-sen,Pons sensory related,R,emlddmm,1996,0.26877868803163374,0.04091027231186454,0.5215312170747066,0.15323125059605142,0.290139377117157,0.24673958122730255
L_ME,10671,ME,Median eminence,L,emlddmm,70,-0.10365475355583591,0.2132766484726421,0.11973475088903633,0.10110286649076276,0.15796983242034912,0.1554415225982666
